Yamaha MT03 ABS 2020 - Moto linda demais;R$ 25.990;https://sp.olx.com.br/sao-paulo-e-regiao/autos-e-pecas/motos/yamaha-mt03-abs-2020-moto-linda-demais-1070359711
Yamaha mt03 2020 abs;R$ 26.490;https://sp.olx.com.br/sao-paulo-e-regiao/autos-e-pecas/motos/yamaha-mt03-2020-abs-1078340539
Yamaha MT03 ABS 2019/2020 Baixo Km;R$ 24.000;https://sp.olx.com.br/sao-paulo-e-regiao/autos-e-pecas/motos/yamaha-mt03-abs-2019-2020-baixo-km-1085585077
Yamaha MT03 ABS 2022 - Moto linda demais;R$ 30.990;https://sp.olx.com.br/sao-paulo-e-regiao/autos-e-pecas/motos/yamaha-mt03-abs-2022-moto-linda-demais-1100265189
Yamaha MT03 ABS 2020 - 15 mil Km - Linda moto - Primeiro Leva!;R$ 22.500;https://sp.olx.com.br/sao-paulo-e-regiao/autos-e-pecas/motos/yamaha-mt03-abs-2020-15-mil-km-linda-moto-primeiro-leva-1099458014
Yamaha mt03 2020 abs;R$ 26.490;https://sp.olx.com.br/sao-paulo-e-regiao/autos-e-pecas/motos/yamaha-mt03-2020-abs-1078337662
Yamaha Mt03 0Km 2023;R$ 33.499;https://sp.olx.com.br/sao-paulo-e-regiao/autos-e-pecas/motos/yamaha-mt03-0km-2023-1095877979
Nova yamaha MT03 320cc ABS 2023;R$ 33.600;https://sp.olx.com.br/sao-paulo-e-regiao/autos-e-pecas/motos/nova-yamaha-mt03-320cc-abs-2023-702789422
YAMAHA MT03 ABS;R$ 26.500;https://sp.olx.com.br/sao-paulo-e-regiao/autos-e-pecas/motos/yamaha-mt03-abs-1103322648
Yamaha MT03 ABS;R$ 28.000;https://sp.olx.com.br/sao-paulo-e-regiao/autos-e-pecas/motos/yamaha-mt03-abs-1097671533
Yamaha MT03;R$ 25.600;https://sp.olx.com.br/sao-paulo-e-regiao/autos-e-pecas/motos/yamaha-mt03-1019656436
Yamaha MT03 ABS 2020 - Moto linda demais;R$ 26.990;https://sp.olx.com.br/sao-paulo-e-regiao/autos-e-pecas/motos/yamaha-mt03-abs-2020-moto-linda-demais-1097871885
Yamaha MT03 660 ano 2008 preta;R$ 19.000;https://sp.olx.com.br/sao-paulo-e-regiao/autos-e-pecas/motos/yamaha-mt03-660-ano-2008-preta-1101597583
Yamaha MT03 ABS 2022 - aceitamos sua moto como parte de pagamento .;R$ 30.900;https://sp.olx.com.br/sao-paulo-e-regiao/autos-e-pecas/motos/yamaha-mt03-abs-2022-aceitamos-sua-moto-como-parte-de-pagamento-1101487411
Yamaha MT03 ABS 320cc 2023(lançamento);R$ 33.600;https://sp.olx.com.br/sao-paulo-e-regiao/autos-e-pecas/motos/yamaha-mt03-abs-320cc-2023-lancamento-694583139
Yamaha MT03 ABS 2021 - Moto linda demais;R$ 29.990;https://sp.olx.com.br/sao-paulo-e-regiao/autos-e-pecas/motos/yamaha-mt03-abs-2021-moto-linda-demais-1073147723
Yamaha MT03 ABS 2020 - Moto linda demais;R$ 26.950;https://sp.olx.com.br/sao-paulo-e-regiao/autos-e-pecas/motos/yamaha-mt03-abs-2020-moto-linda-demais-1076353731
YAMAHA MT03 310CC 2019;R$ 24.980;https://sp.olx.com.br/sao-paulo-e-regiao/autos-e-pecas/motos/yamaha-mt03-310cc-2019-1069533465
Yamaha MT03 Abs 2019;R$ 23.990;https://sp.olx.com.br/sao-paulo-e-regiao/autos-e-pecas/motos/yamaha-mt03-abs-2019-1093985180
Yamaha Mt03 Ano 2022 Apenas 9 mil km;R$ 30.900;https://sp.olx.com.br/sao-paulo-e-regiao/autos-e-pecas/motos/yamaha-mt03-ano-2022-apenas-9-mil-km-1066157540
Yamaha MT03;R$ 28.000;https://sp.olx.com.br/sao-paulo-e-regiao/autos-e-pecas/motos/yamaha-mt03-1091817052
Yamaha MT03 ABS 2018/2019;R$ 23.000;https://sp.olx.com.br/sao-paulo-e-regiao/autos-e-pecas/motos/yamaha-mt03-abs-2018-2019-1090590279
Yamaha MT03 2017;R$ 19.000;https://sp.olx.com.br/sao-paulo-e-regiao/autos-e-pecas/motos/yamaha-mt03-2017-1089824008
Yamaha MT03 2021;R$ 28.000;https://sp.olx.com.br/sao-paulo-e-regiao/autos-e-pecas/motos/yamaha-mt03-2021-1089078838
Yamaha Mt03 ano 2018 ABS preta.;R$ 22.000;https://sp.olx.com.br/sao-paulo-e-regiao/autos-e-pecas/motos/yamaha-mt03-ano-2018-abs-preta-1088392274
Yamaha MT03 Ano 2022 Cor Azul Só R$27.000;R$ 27.000;https://sp.olx.com.br/sao-paulo-e-regiao/autos-e-pecas/motos/yamaha-mt03-ano-2022-cor-azul-so-r-27-000-1082156657
MT03 YAMAHA ABS;R$ 29.500;https://sp.olx.com.br/sao-paulo-e-regiao/autos-e-pecas/motos/mt03-yamaha-abs-1102324297
Moto Yamaha MT03 660cc;R$ 21.000;https://sp.olx.com.br/sao-paulo-e-regiao/autos-e-pecas/motos/moto-yamaha-mt03-660cc-1092181466
MT03 2021 YAMAHA;R$ 26.900;https://sp.olx.com.br/sao-paulo-e-regiao/autos-e-pecas/motos/mt03-2021-yamaha-1093668827
Moto mt03 yamaha;R$ 26.000;https://sp.olx.com.br/sao-paulo-e-regiao/autos-e-pecas/motos/moto-mt03-yamaha-1103229723
Moto Mt03 Yamaha Abs 2019 Km baixíssimo;R$ 25.500;https://sp.olx.com.br/sao-paulo-e-regiao/autos-e-pecas/motos/moto-mt03-yamaha-abs-2019-km-baixissimo-1095656671
Moto MT03 Yamaha 2021;R$ 25.000;https://sp.olx.com.br/sao-paulo-e-regiao/autos-e-pecas/motos/moto-mt03-yamaha-2021-1091656286
MT03 azul 2022 Yamaha (2.950 KM);R$ 29.990;https://sp.olx.com.br/sao-paulo-e-regiao/autos-e-pecas/motos/mt03-azul-2022-yamaha-2-950-km-1072625199
Troco Nmax acima 2020 - Yamaha Mt03 Abs 10 mil km Revisões ok.;R$ 25.000;https://sp.olx.com.br/sao-paulo-e-regiao/autos-e-pecas/motos/troco-nmax-acima-2020-yamaha-mt03-abs-10-mil-km-revisoes-ok-1075966738
Mt03 2020;R$ 24.500;https://sp.olx.com.br/sao-paulo-e-regiao/autos-e-pecas/motos/mt03-2020-1104245782
MT03 ABS 2023 Bruno Garcia;R$ 33.600;https://sp.olx.com.br/sao-paulo-e-regiao/autos-e-pecas/motos/mt03-abs-2023-bruno-garcia-791200337
Mt03 2022 1.700 km;R$ 30.500;https://sp.olx.com.br/sao-paulo-e-regiao/autos-e-pecas/motos/mt03-2022-1-700-km-1066315332
Mt03 abs Okm;R$ 32.490;https://sp.olx.com.br/sao-paulo-e-regiao/autos-e-pecas/motos/mt03-abs-okm-1086826419
MT03 660CC DOC OK 2008($$$PARCELO NO CARTÃO DE CREDITO$$$);R$ 18.499;https://sp.olx.com.br/sao-paulo-e-regiao/autos-e-pecas/motos/mt03-660cc-doc-ok-2008-parcelo-no-cartao-de-credito-1101186891
MT03;R$ 28.000;https://sp.olx.com.br/sao-paulo-e-regiao/autos-e-pecas/motos/mt03-1100297403
MT03 ABS 2022 Único Dono 3.000km;R$ 33.900;https://sp.olx.com.br/sao-paulo-e-regiao/autos-e-pecas/motos/mt03-abs-2022-unico-dono-3-000km-1095119312
Mt03 2016 modelo 17;R$ 20.000;https://sp.olx.com.br/sao-paulo-e-regiao/autos-e-pecas/motos/mt03-2016-modelo-17-1098231429
MT03;R$ 24.000;https://sp.olx.com.br/sao-paulo-e-regiao/autos-e-pecas/motos/mt03-1097807082
MT03 2020 sensacional;R$ 27.500;https://sp.olx.com.br/sao-paulo-e-regiao/autos-e-pecas/motos/mt03-2020-sensacional-1075389526
Mt03 2019 c;R$ 23.500;https://sp.olx.com.br/sao-paulo-e-regiao/autos-e-pecas/motos/mt03-2019-c-1095398934
Mt03 2022 8km;R$ 31.999;https://sp.olx.com.br/sao-paulo-e-regiao/autos-e-pecas/motos/mt03-2022-8km-1095341974
MT03 Abs 2023 ( Disponível );R$ 33.600;https://sp.olx.com.br/sao-paulo-e-regiao/autos-e-pecas/motos/mt03-abs-2023-disponivel-1054101606
Mt03 660cc;R$ 15.700;https://sp.olx.com.br/sao-paulo-e-regiao/autos-e-pecas/motos/mt03-660cc-1093829558
Mt03 660 2008;R$ 21.000;https://sp.olx.com.br/sao-paulo-e-regiao/autos-e-pecas/motos/mt03-660-2008-1093746803
MT03 ABS 2021/2022;R$ 30.490;https://sp.olx.com.br/sao-paulo-e-regiao/autos-e-pecas/motos/mt03-abs-2021-2022-1090426794
MT03;R$ 30.000;https://sp.olx.com.br/sao-paulo-e-regiao/autos-e-pecas/motos/mt03-1088911023
MT03 660 cilindradas;R$ 21.000;https://sp.olx.com.br/sao-paulo-e-regiao/autos-e-pecas/motos/mt03-660-cilindradas-1087428328
MT03 2019 ABS;R$ 25.000;https://sp.olx.com.br/sao-paulo-e-regiao/autos-e-pecas/motos/mt03-2019-abs-1087319032
MT03 2021;R$ 28.900;https://sp.olx.com.br/sao-paulo-e-regiao/autos-e-pecas/motos/mt03-2021-1084648938
Mt03 Abs Zero Km Pronta entrega * mauricio *;R$ 33.600;https://sp.olx.com.br/sao-paulo-e-regiao/autos-e-pecas/motos/mt03-abs-zero-km-pronta-entrega-mauricio-1084605968
Mt03 ABS;R$ 28.000;https://sp.olx.com.br/sao-paulo-e-regiao/autos-e-pecas/motos/mt03-abs-1083263013
MT03 2018 Único Dono;R$ 21.700;https://sp.olx.com.br/sao-paulo-e-regiao/autos-e-pecas/motos/mt03-2018-unico-dono-1082683779
MT03 2022;R$ 29.500;https://sp.olx.com.br/sao-paulo-e-regiao/autos-e-pecas/motos/mt03-2022-1082267277
Mt03 ABS 2023 -Bruno G;R$ 33.600;https://sp.olx.com.br/sao-paulo-e-regiao/autos-e-pecas/motos/mt03-abs-2023-bruno-g-792575872
MT03 2020 321CC;R$ 22.500;https://sp.olx.com.br/sao-paulo-e-regiao/autos-e-pecas/motos/mt03-2020-321cc-1081001541
MT03 2019 ABS Venda ou troca baixo km impecável;R$ 25.500;https://sp.olx.com.br/sao-paulo-e-regiao/autos-e-pecas/motos/mt03-2019-abs-venda-ou-troca-baixo-km-impecavel-1080854611
Moto MT03 2017 Vendendo no Estado sem Garantia;R$ 18.990;https://sp.olx.com.br/sao-paulo-e-regiao/autos-e-pecas/motos/moto-mt03-2017-vendendo-no-estado-sem-garantia-1102108842
Venda moto mt03;R$ 34.000;https://sp.olx.com.br/sao-paulo-e-regiao/autos-e-pecas/motos/venda-moto-mt03-1092141409
Moto MT03;R$ 29.900;https://sp.olx.com.br/sao-paulo-e-regiao/autos-e-pecas/motos/moto-mt03-1088499060
MOTO MT03 ABS ANO 2020;R$ 22.000;https://sp.olx.com.br/sao-paulo-e-regiao/autos-e-pecas/motos/moto-mt03-abs-ano-2020-1088321764
Moto mt03;R$ 20.500;https://sp.olx.com.br/sao-paulo-e-regiao/autos-e-pecas/motos/moto-mt03-1084745655
Ténéré 2011 aceito troca por mt03 cb500;R$ 14.000;https://sp.olx.com.br/sao-paulo-e-regiao/autos-e-pecas/motos/tenere-2011-aceito-troca-por-mt03-cb500-1103601193
Escape esportivo p R3/MT03;R$ 900;https://sp.olx.com.br/sao-paulo-e-regiao/autos-e-pecas/motos/escape-esportivo-p-r3-mt03-1085946889
Yamaha MT-03 ABS - 21/22;R$ 29.000;https://sp.olx.com.br/sao-paulo-e-regiao/autos-e-pecas/motos/yamaha-mt-03-abs-21-22-1103983017
Yamaha Mt 03 321 preta 2021, baixo km, Otimo estado de conservação !!! top motos;R$ 29.500;https://sp.olx.com.br/sao-paulo-e-regiao/autos-e-pecas/motos/yamaha-mt-03-321-preta-2021-baixo-km-otimo-estado-de-conservacao--top-motos-966485438
Yamaha Fazer 2007 250cc;R$ 8.500;https://sp.olx.com.br/sao-paulo-e-regiao/autos-e-pecas/motos/yamaha-fazer-2007-250cc-1103903772
Yamaha FZ25 250 Fazer 2019 Branca Linda;R$ 19.900;https://sp.olx.com.br/sao-paulo-e-regiao/autos-e-pecas/motos/yamaha-fz25-250-fazer-2019-branca-linda-1092721692
Yamaha MT 03 abs LE 2022 - Moto linda demais;R$ 31.990;https://sp.olx.com.br/sao-paulo-e-regiao/autos-e-pecas/motos/yamaha-mt-03-abs-le-2022-moto-linda-demais-1100261500
Yamaha mt 03;R$ 25.900;https://sp.olx.com.br/sao-paulo-e-regiao/autos-e-pecas/motos/yamaha-mt-03-1087446342
Yamaha YZF R6 600cc 2009 troco;R$ 38.500;https://sp.olx.com.br/sao-paulo-e-regiao/autos-e-pecas/motos/yamaha-yzf-r6-600cc-2009-troco-1098174602
Yamaha Nmax 160 ABS 2019;R$ 15.600;https://sp.olx.com.br/sao-paulo-e-regiao/autos-e-pecas/motos/yamaha-nmax-160-abs-2019-1096497888
Yamaha r3 2021;R$ 27.900;https://sp.olx.com.br/sao-paulo-e-regiao/autos-e-pecas/motos/yamaha-r3-2021-1096052011
Yamaha MT 03 / MT-03 2017;R$ 19.999;https://sp.olx.com.br/sao-paulo-e-regiao/autos-e-pecas/motos/yamaha-mt-03-mt-03-2017-1093909505
MT-03 ABS 321cc 20/20 Yamaha Baixo Km;R$ 26.500;https://sp.olx.com.br/sao-paulo-e-regiao/autos-e-pecas/motos/mt-03-abs-321cc-20-20-yamaha-baixo-km-1035518089
Bmw s1000rr Bmw S 1000rr Bmw s1000 rr 2021;R$ 106.500;https://sp.olx.com.br/sao-paulo-e-regiao/autos-e-pecas/motos/bmw-s1000rr-bmw-s-1000rr-bmw-s1000-rr-2021-1097223281
Cbr 650r;R$ 51.900;https://sp.olx.com.br/sao-paulo-e-regiao/autos-e-pecas/motos/cbr-650r-1103435928
MT 03;R$ 21.000;https://sp.olx.com.br/sao-paulo-e-regiao/autos-e-pecas/motos/mt-03-1103271057
Moto MT 03;R$ 22.000;https://sp.olx.com.br/sao-paulo-e-regiao/autos-e-pecas/motos/moto-mt-03-1103008694
Honda CB Twister 250;R$ 19.700;https://sp.olx.com.br/sao-paulo-e-regiao/autos-e-pecas/motos/honda-cb-twister-250-1102608946
Escapamento Atalla Full Inox;R$ 629;https://sp.olx.com.br/sao-paulo-e-regiao/autos-e-pecas/motos/escapamento-atalla-full-inox-1101469658
Moto nova;R$ 24.000;https://sp.olx.com.br/sao-paulo-e-regiao/autos-e-pecas/motos/moto-nova-1099412318
CBR 600F -;R$ 37.990;https://sp.olx.com.br/sao-paulo-e-regiao/autos-e-pecas/motos/cbr-600f-994111117
Ducati Monster 797 2020 11000km Impecável;R$ 43.990;https://sp.olx.com.br/sao-paulo-e-regiao/autos-e-pecas/motos/ducati-monster-797-2020-11000km-impecavel-1097551081
Burgman;R$ 7.000;https://sp.olx.com.br/sao-paulo-e-regiao/autos-e-pecas/motos/burgman-1096448084
Kawasaki ZX10 R - IMPECÁVEL;R$ 39.999;https://sp.olx.com.br/sao-paulo-e-regiao/autos-e-pecas/motos/kawasaki-zx10-r-impecavel-1094544494
Kawasaki Z750 2011;R$ 28.000;https://sp.olx.com.br/sao-paulo-e-regiao/autos-e-pecas/motos/kawasaki-z750-2011-1057998581
Oportunidade ( MT-03 Abs 2023 Pronta Entrega );R$ 33.600;https://sp.olx.com.br/sao-paulo-e-regiao/autos-e-pecas/motos/oportunidade-mt-03-abs-2023-pronta-entrega-1043558808
Vendo XT 600e 2004;R$ 18.000;https://sp.olx.com.br/sao-paulo-e-regiao/autos-e-pecas/motos/vendo-xt-600e-2004-1092846855
Vendo ou troco;R$ 16.200;https://sp.olx.com.br/sao-paulo-e-regiao/autos-e-pecas/motos/vendo-ou-troco-1091839112
Moto MT 03;R$ 22.000;https://sp.olx.com.br/sao-paulo-e-regiao/autos-e-pecas/motos/moto-mt-03-1055818130
Moto;R$ 20.000;https://sp.olx.com.br/sao-paulo-e-regiao/autos-e-pecas/motos/moto-1091193506
Kasinski Hyosung Comet GT650R V2 Power 11/11;R$ 13.999;https://sp.olx.com.br/sao-paulo-e-regiao/autos-e-pecas/motos/kasinski-hyosung-comet-gt650r-v2-power-11-11-1089415098
Fazer 250 Blueflex 2014;R$ 12.299;https://sp.olx.com.br/sao-paulo-e-regiao/autos-e-pecas/motos/fazer-250-blueflex-2014-1083209228
Crosser 150 2021;R$ 16.999;https://sp.olx.com.br/sao-paulo-e-regiao/autos-e-pecas/motos/crosser-150-2021-1083170944
Vendo ou Troco kawasaki ZX10R 2012;R$ 40.000;https://sp.olx.com.br/sao-paulo-e-regiao/autos-e-pecas/motos/vendo-ou-troco-kawasaki-zx10r-2012-1081332497
Crf 250f 2019;R$ 17.500;https://sp.olx.com.br/sao-paulo-e-regiao/autos-e-pecas/motos/crf-250f-2019-1081193349
